hcp_id,specialty,region,tier,years_practice,scripts_monthly,rep_visits,email_opens,webinar_att,clm_sessions,eng_score,script_lift_pct,rep_spend,email_spend,webinar_spend,clm_spend,total_spend,revenue,roi,days_since_eng,cluster,segment
HCP0001,Haematologist,North,Tier2,30,14,2,1,0,1,44.3,1.5,17.9,0.7,0.0,2.6,21.2,767.5,36.2,35,0,Loyalists
HCP0002,Cardiologist,North,Tier3,17,1,0,0,0,0,0.0,-1.4,0.0,0.0,0.0,0.0,0.0,46.0,0.0,91,2,Lapsed
HCP0003,Internist,North,Tier2,8,4,4,1,1,0,81.7,2.3,40.1,0.5,3.3,0.0,43.9,203.6,4.64,43,1,Risers
HCP0004,Internist,Central,Tier1,22,17,6,2,1,2,100.0,2.8,65.9,1.5,3.0,7.2,77.6,871.5,11.23,18,3,Champions
HCP0005,Oncologist,West,Tier3,16,1,0,0,0,1,3.2,4.3,0.0,0.0,0.0,2.3,2.3,50.4,21.91,104,2,Lapsed
HCP0006,Oncologist,Central,Tier2,4,6,2,0,1,1,58.1,-1.9,16.5,0.0,3.7,2.1,22.3,309.7,13.89,35,0,Loyalists
HCP0007,Oncologist,West,Tier3,11,1,1,2,0,0,33.4,0.7,10.9,1.6,0.0,0.0,12.5,46.2,3.7,100,2,Lapsed
HCP0008,Pulmonologist,Central,Tier2,22,9,0,4,1,1,62.8,1.8,0.0,3.8,3.4,4.0,11.2,455.0,40.62,37,0,Loyalists
HCP0009,Internist,Central,Tier3,28,4,0,1,0,1,21.9,-0.3,0.0,1.0,0.0,2.7,3.7,191.5,51.76,98,2,Lapsed
HCP0010,Internist,East,Tier2,31,4,1,1,3,0,52.7,-1.6,10.7,0.5,10.5,0.0,21.7,217.6,10.03,42,1,Risers
HCP0011,Oncologist,Central,Tier3,3,1,0,0,0,0,0.5,2.5,0.0,0.0,0.0,0.0,0.0,52.6,0.0,104,2,Lapsed
HCP0012,Cardiologist,South,Tier3,8,3,1,2,0,1,35.9,1.4,11.6,1.0,0.0,3.8,16.4,164.2,10.01,101,0,Loyalists
HCP0013,Pulmonologist,East,Tier1,7,19,1,4,2,0,62.7,-1.2,11.4,2.7,8.0,0.0,22.1,862.1,39.01,19,1,Risers
HCP0014,Oncologist,Central,Tier2,35,8,1,1,2,1,54.8,1.8,10.1,0.8,6.9,3.2,21.0,382.8,18.23,34,0,Loyalists
HCP0015,Oncologist,North,Tier3,16,4,0,0,3,0,40.9,4.0,0.0,0.0,10.6,0.0,10.6,187.8,17.72,101,2,Lapsed
HCP0016,Oncologist,South,Tier2,14,5,1,3,1,1,62.4,1.0,11.5,2.8,3.3,3.1,20.7,225.6,10.9,33,0,Loyalists
HCP0017,Oncologist,South,Tier1,22,19,4,3,1,0,89.0,1.8,39.9,1.7,4.4,0.0,46.0,901.0,19.59,15,1,Risers
HCP0018,Haematologist,South,Tier2,26,12,1,0,2,2,56.6,4.0,9.3,0.0,9.1,6.7,25.1,621.5,24.76,31,0,Loyalists
HCP0019,Haematologist,East,Tier2,27,3,1,2,0,1,40.3,-1.2,11.0,1.6,0.0,3.5,16.1,141.9,8.81,36,0,Loyalists
HCP0020,Oncologist,Central,Tier3,31,2,0,1,0,0,0.0,3.6,0.0,0.8,0.0,0.0,0.8,100.2,125.25,94,2,Lapsed
HCP0021,Internist,Central,Tier2,33,10,1,2,1,1,56.6,2.8,9.6,1.3,4.5,2.5,17.9,538.8,30.1,36,0,Loyalists
HCP0022,Oncologist,North,Tier2,25,8,0,3,0,1,32.9,-1.3,0.0,2.8,0.0,2.0,4.8,415.5,86.56,42,0,Loyalists
HCP0023,Oncologist,North,Tier2,22,6,1,3,1,2,64.0,-0.2,10.9,2.9,4.9,6.2,24.9,293.7,11.8,40,0,Loyalists
HCP0024,Haematologist,South,Tier2,25,7,1,2,0,1,33.8,-0.3,9.6,1.4,0.0,3.4,14.4,341.1,23.69,30,0,Loyalists
HCP0025,Haematologist,North,Tier2,18,4,0,4,1,1,59.5,-2.8,0.0,3.8,3.4,3.6,10.8,198.2,18.35,30,0,Loyalists
HCP0026,Internist,East,Tier1,10,18,3,2,3,3,100.0,2.6,28.3,1.4,10.1,7.2,47.0,841.9,17.91,18,3,Champions
HCP0027,Oncologist,Central,Tier3,23,2,0,2,0,0,22.0,-1.5,0.0,1.7,0.0,0.0,1.7,102.7,60.41,91,2,Lapsed
HCP0028,Haematologist,South,Tier2,3,10,2,2,2,0,77.9,1.9,17.4,1.5,6.6,0.0,25.5,486.4,19.07,37,1,Risers
HCP0029,Internist,North,Tier2,10,7,0,4,0,0,37.1,-2.0,0.0,2.2,0.0,0.0,2.2,374.7,170.32,43,0,Loyalists
HCP0030,Oncologist,East,Tier3,31,1,1,3,0,1,46.3,2.7,9.0,2.9,0.0,3.7,15.6,52.6,3.37,104,0,Loyalists
HCP0031,Internist,East,Tier2,34,9,6,0,0,1,87.5,3.4,58.9,0.0,0.0,2.9,61.8,459.9,7.44,32,1,Risers
HCP0032,Oncologist,North,Tier3,7,2,0,3,1,0,37.6,-0.8,0.0,2.6,4.5,0.0,7.1,97.3,13.7,90,0,Loyalists
HCP0033,Oncologist,Central,Tier2,24,11,1,3,2,1,83.5,2.0,11.9,2.1,8.4,3.2,25.6,518.1,20.24,42,1,Risers
HCP0034,Cardiologist,North,Tier1,3,22,2,4,2,1,95.8,1.9,19.1,2.0,8.7,3.5,33.3,1160.8,34.86,15,3,Champions
HCP0035,Cardiologist,South,Tier2,28,9,1,1,2,1,47.1,3.9,8.3,0.6,6.1,2.7,17.7,448.8,25.36,39,0,Loyalists
HCP0036,Pulmonologist,North,Tier2,12,5,1,3,1,0,47.6,-1.1,8.4,2.2,3.6,0.0,14.2,236.2,16.63,39,0,Loyalists
HCP0037,Oncologist,East,Tier3,32,3,1,2,2,0,54.1,0.7,10.4,1.7,8.6,0.0,20.7,140.9,6.81,96,0,Loyalists
HCP0038,Oncologist,North,Tier1,20,20,2,2,2,2,84.5,0.2,20.8,1.3,6.0,6.2,34.3,933.1,27.2,19,3,Champions
HCP0039,Internist,Central,Tier1,19,16,1,5,3,1,88.2,1.8,9.7,4.2,9.2,2.4,25.5,844.3,33.11,25,1,Risers
HCP0040,Haematologist,West,Tier2,28,11,1,0,1,1,36.5,1.7,9.7,0.0,4.7,3.0,17.4,520.2,29.9,37,0,Loyalists
HCP0041,Oncologist,North,Tier2,10,9,3,1,0,2,69.1,-0.1,24.6,0.9,0.0,5.3,30.8,452.4,14.69,36,3,Champions
HCP0042,Haematologist,Central,Tier3,14,2,0,1,0,1,26.9,-0.5,0.0,0.7,0.0,2.5,3.2,99.0,30.94,103,2,Lapsed
HCP0043,Oncologist,Central,Tier2,29,11,0,2,0,0,16.5,2.2,0.0,1.9,0.0,0.0,1.9,558.8,294.11,39,2,Lapsed
HCP0044,Cardiologist,East,Tier2,10,5,2,2,1,0,60.3,3.8,17.2,1.5,4.6,0.0,23.3,268.9,11.54,42,0,Loyalists
HCP0045,Oncologist,Central,Tier2,27,10,1,0,1,1,36.4,1.6,8.4,0.0,3.6,3.6,15.6,536.8,34.41,37,0,Loyalists
HCP0046,Internist,Central,Tier2,6,9,3,4,1,2,100.0,1.6,25.5,2.4,3.1,7.9,38.9,445.6,11.46,32,3,Champions
HCP0047,Oncologist,Central,Tier3,35,1,1,0,0,1,16.7,-0.1,8.4,0.0,0.0,2.0,10.4,45.2,4.35,95,2,Lapsed
HCP0048,Haematologist,Central,Tier2,3,12,0,1,0,2,22.8,1.4,0.0,0.5,0.0,6.8,7.3,591.2,80.99,42,0,Loyalists
HCP0049,Haematologist,South,Tier3,21,1,3,0,0,0,50.4,1.4,26.4,0.0,0.0,0.0,26.4,51.1,1.94,96,2,Lapsed
HCP0050,Oncologist,South,Tier2,33,9,1,2,3,1,78.0,-2.0,9.0,1.2,12.0,2.1,24.3,455.2,18.73,44,1,Risers
HCP0051,Cardiologist,East,Tier2,18,11,1,4,1,1,67.0,2.3,8.7,2.6,4.5,2.8,18.6,566.6,30.46,39,0,Loyalists
HCP0052,Internist,North,Tier3,16,0,1,2,0,0,33.4,-1.1,11.8,1.8,0.0,0.0,13.6,0.0,0.0,100,2,Lapsed
HCP0053,Cardiologist,Central,Tier1,7,17,2,4,2,0,88.5,-1.2,22.8,2.7,7.1,0.0,32.6,874.9,26.84,14,1,Risers
HCP0054,Pulmonologist,North,Tier1,28,23,1,0,2,3,79.0,-2.3,8.9,0.0,7.0,9.5,25.4,1077.0,42.4,14,3,Champions
HCP0055,Internist,North,Tier3,30,2,0,1,0,0,8.8,-0.3,0.0,0.6,0.0,0.0,0.6,105.0,175.0,96,2,Lapsed
HCP0056,Cardiologist,East,Tier1,4,17,1,3,1,1,55.7,-1.0,8.8,2.7,3.4,3.7,18.6,822.6,44.23,26,0,Loyalists
HCP0057,Oncologist,Central,Tier3,8,4,1,1,0,0,22.4,-4.2,10.0,0.6,0.0,0.0,10.6,208.4,19.66,100,2,Lapsed
HCP0058,Oncologist,Central,Tier2,11,10,2,0,3,2,89.0,0.7,16.2,0.0,14.6,6.7,37.5,454.8,12.13,42,1,Risers
HCP0059,Oncologist,West,Tier3,35,2,0,2,0,0,21.0,-0.7,0.0,1.5,0.0,0.0,1.5,98.2,65.47,92,2,Lapsed
HCP0060,Oncologist,North,Tier3,27,1,0,1,0,0,0.0,-0.1,0.0,0.8,0.0,0.0,0.8,52.1,65.12,92,2,Lapsed
HCP0061,Haematologist,North,Tier2,15,6,1,3,0,2,60.3,-0.3,11.6,2.4,0.0,7.8,21.8,283.6,13.01,44,0,Loyalists
HCP0062,Oncologist,South,Tier3,11,5,0,1,0,0,3.5,3.8,0.0,0.9,0.0,0.0,0.9,264.8,294.22,94,2,Lapsed
HCP0063,Pulmonologist,West,Tier2,15,4,2,1,2,1,69.2,2.3,22.4,0.5,6.9,2.1,31.9,205.2,6.43,44,1,Risers
HCP0064,Haematologist,South,Tier3,33,3,0,1,0,0,12.2,-0.8,0.0,0.6,0.0,0.0,0.6,152.6,254.33,100,2,Lapsed
HCP0065,Oncologist,South,Tier1,13,23,2,2,0,1,59.7,0.9,17.0,1.3,0.0,2.8,21.1,1116.3,52.91,19,3,Champions
HCP0066,Haematologist,South,Tier2,6,9,1,3,1,2,67.6,4.0,9.6,1.7,5.0,5.2,21.5,448.4,20.86,31,0,Loyalists
HCP0067,Oncologist,East,Tier2,6,11,1,2,0,1,40.2,2.6,8.7,1.3,0.0,2.9,12.9,560.7,43.47,32,0,Loyalists
HCP0068,Pulmonologist,East,Tier2,21,9,0,1,0,1,15.3,-2.5,0.0,0.7,0.0,2.8,3.5,447.5,127.86,35,2,Lapsed
HCP0069,Oncologist,South,Tier1,8,16,1,5,2,1,100.0,-0.4,9.1,3.8,7.4,2.9,23.2,831.7,35.85,16,1,Risers
HCP0070,Cardiologist,West,Tier3,20,0,1,1,1,0,36.4,-0.9,10.2,0.8,3.4,0.0,14.4,0.0,0.0,103,2,Lapsed
HCP0071,Internist,North,Tier3,15,1,0,0,1,0,7.8,-0.7,0.0,0.0,3.8,0.0,3.8,47.0,12.37,94,2,Lapsed
HCP0072,Oncologist,West,Tier3,25,3,0,1,1,0,26.6,-0.8,0.0,0.9,4.6,0.0,5.5,141.4,25.71,98,2,Lapsed
HCP0073,Oncologist,Central,Tier1,21,19,2,2,2,1,86.8,1.5,17.0,1.3,7.9,3.0,29.2,856.1,29.32,25,3,Champions
HCP0074,Pulmonologist,East,Tier2,13,3,1,3,0,0,48.0,2.2,11.9,1.9,0.0,0.0,13.8,144.0,10.43,32,0,Loyalists
HCP0075,Internist,North,Tier2,3,3,3,3,2,2,100.0,3.8,26.8,2.3,10.0,7.3,46.4,157.5,3.39,41,1,Risers
HCP0076,Internist,North,Tier2,26,8,1,5,2,0,82.5,0.8,11.1,2.6,7.6,0.0,21.3,423.5,19.88,40,1,Risers
HCP0077,Internist,Central,Tier2,9,9,0,2,2,0,38.3,-2.6,0.0,1.1,8.5,0.0,9.6,423.2,44.08,42,0,Loyalists
HCP0078,Oncologist,Central,Tier2,27,8,2,2,1,1,67.0,-0.9,17.1,1.4,3.7,2.8,25.0,436.7,17.47,42,0,Loyalists
HCP0079,Haematologist,South,Tier3,23,1,1,2,0,1,39.5,-0.3,11.4,1.9,0.0,2.7,16.0,50.0,3.12,95,0,Loyalists
HCP0080,Oncologist,East,Tier2,17,5,4,1,2,0,90.0,-0.7,36.9,0.9,8.8,0.0,46.6,270.8,5.81,40,1,Risers
HCP0081,Pulmonologist,East,Tier2,3,6,1,2,1,0,49.2,3.1,10.6,1.1,4.9,0.0,16.6,312.4,18.82,34,0,Loyalists
HCP0082,Internist,West,Tier1,14,16,3,3,4,1,100.0,-0.1,30.8,2.8,16.3,2.2,52.1,835.6,16.04,18,1,Risers
HCP0083,Oncologist,South,Tier1,9,20,3,1,1,2,89.9,2.7,29.7,0.9,4.5,4.4,39.5,917.0,23.22,24,3,Champions
HCP0084,Oncologist,South,Tier1,17,16,5,2,1,2,100.0,-1.2,49.9,1.6,3.2,5.7,60.4,755.2,12.5,27,3,Champions
HCP0085,Oncologist,South,Tier3,23,0,0,2,0,1,20.5,1.7,0.0,1.8,0.0,2.2,4.0,0.0,0.0,103,2,Lapsed
HCP0086,Oncologist,South,Tier1,21,19,7,4,2,3,100.0,3.1,58.5,2.8,8.0,9.7,79.0,991.1,12.55,19,3,Champions
HCP0087,Internist,East,Tier1,31,21,1,1,1,2,48.8,3.9,10.7,0.6,3.0,4.6,18.9,1017.3,53.83,19,3,Champions
HCP0088,Internist,East,Tier2,27,4,2,0,0,1,37.9,-1.6,23.2,0.0,0.0,3.0,26.2,211.5,8.07,30,2,Lapsed
HCP0089,Pulmonologist,South,Tier3,35,1,1,0,3,0,51.7,-0.2,8.2,0.0,12.1,0.0,20.3,48.4,2.38,100,1,Risers
HCP0090,Haematologist,West,Tier3,34,2,1,2,0,0,27.8,-0.1,8.6,1.5,0.0,0.0,10.1,106.4,10.53,104,2,Lapsed
HCP0091,Oncologist,North,Tier3,28,0,1,0,1,2,50.5,0.4,10.9,0.0,3.5,6.7,21.1,0.0,0.0,98,0,Loyalists
HCP0092,Internist,North,Tier2,13,13,0,3,1,1,43.4,0.1,0.0,2.9,4.0,3.0,9.9,607.5,61.36,34,0,Loyalists
HCP0093,Internist,West,Tier2,10,11,1,1,2,0,48.3,0.2,9.6,1.0,8.3,0.0,18.9,532.5,28.17,30,0,Loyalists
HCP0094,Internist,South,Tier1,16,13,3,3,2,2,100.0,1.3,25.6,2.8,9.7,7.5,45.6,638.1,13.99,21,3,Champions
HCP0095,Internist,East,Tier3,12,1,1,1,1,0,43.7,-3.5,10.0,0.9,4.3,0.0,15.2,48.5,3.19,96,2,Lapsed
HCP0096,Haematologist,North,Tier3,4,0,0,2,1,0,23.1,2.5,0.0,1.9,3.8,0.0,5.7,0.0,0.0,96,2,Lapsed
HCP0097,Haematologist,Central,Tier2,11,8,3,1,0,1,74.0,6.9,29.7,0.5,0.0,3.7,33.9,367.8,10.85,44,0,Loyalists
HCP0098,Haematologist,Central,Tier3,5,2,0,1,0,0,5.0,0.7,0.0,0.6,0.0,0.0,0.6,97.0,161.67,103,2,Lapsed
HCP0099,Oncologist,West,Tier3,23,1,0,0,0,1,3.3,-2.2,0.0,0.0,0.0,3.6,3.6,53.4,14.83,94,2,Lapsed
HCP0100,Oncologist,South,Tier2,28,5,0,3,1,0,34.9,-1.4,0.0,2.8,3.3,0.0,6.1,228.3,37.43,30,0,Loyalists
HCP0101,Oncologist,North,Tier3,10,0,0,2,1,0,44.2,1.7,0.0,1.5,4.4,0.0,5.9,0.0,0.0,98,2,Lapsed
HCP0102,Internist,South,Tier3,4,1,0,0,0,0,4.5,0.8,0.0,0.0,0.0,0.0,0.0,54.9,0.0,100,2,Lapsed
HCP0103,Oncologist,North,Tier2,8,5,2,3,1,1,79.0,0.8,22.7,1.7,4.6,3.4,32.4,229.4,7.08,38,1,Risers
HCP0104,Haematologist,West,Tier2,30,12,2,2,0,1,60.0,2.5,19.3,1.3,0.0,3.8,24.4,575.0,23.57,37,0,Loyalists
HCP0105,Cardiologist,West,Tier1,31,19,6,1,2,1,100.0,-1.7,66.4,0.9,8.5,2.5,78.3,925.8,11.82,18,3,Champions
HCP0106,Oncologist,Central,Tier2,28,6,1,2,3,1,78.6,2.8,8.2,1.2,14.9,3.8,28.1,316.6,11.27,43,1,Risers
HCP0107,Haematologist,South,Tier1,27,16,2,1,1,1,60.0,1.5,17.0,0.7,4.1,2.6,24.4,815.3,33.41,16,0,Loyalists
HCP0108,Internist,Central,Tier2,14,12,2,3,1,2,95.0,-0.5,17.6,1.9,3.2,7.9,30.6,617.3,20.17,37,3,Champions
HCP0109,Oncologist,South,Tier3,7,1,0,2,0,0,15.5,-2.6,0.0,1.3,0.0,0.0,1.3,52.6,40.46,90,2,Lapsed
HCP0110,Oncologist,Central,Tier2,17,8,3,1,1,1,73.1,1.6,34.1,0.9,3.5,3.9,42.4,369.4,8.71,32,1,Risers
HCP0111,Oncologist,East,Tier2,17,8,2,2,1,0,52.2,3.9,18.8,1.4,4.6,0.0,24.8,426.7,17.21,41,0,Loyalists
HCP0112,Oncologist,East,Tier2,25,11,1,3,0,0,39.7,0.3,10.6,2.3,0.0,0.0,12.9,572.6,44.39,40,0,Loyalists
HCP0113,Cardiologist,East,Tier1,8,19,3,5,1,1,100.0,0.2,32.5,2.7,4.4,3.1,42.7,964.7,22.59,20,3,Champions
HCP0114,Pulmonologist,East,Tier3,23,6,0,1,0,1,12.0,0.6,0.0,0.9,0.0,3.0,3.9,323.4,82.92,103,2,Lapsed
HCP0115,Internist,North,Tier1,25,12,0,5,2,2,86.3,5.0,0.0,3.4,7.8,4.9,16.1,624.0,38.76,28,3,Champions
HCP0116,Pulmonologist,East,Tier1,18,17,4,3,2,3,100.0,3.2,41.2,2.5,7.5,10.2,61.4,799.3,13.02,17,3,Champions
HCP0117,Pulmonologist,West,Tier2,17,7,4,2,0,1,91.1,2.7,37.5,1.7,0.0,2.4,41.6,345.1,8.3,36,1,Risers
HCP0118,Oncologist,West,Tier3,27,4,0,2,1,0,34.1,2.9,0.0,1.2,4.3,0.0,5.5,199.8,36.33,101,2,Lapsed
HCP0119,Pulmonologist,North,Tier3,13,1,1,1,1,0,35.5,1.6,12.0,0.9,4.5,0.0,17.4,45.6,2.62,100,2,Lapsed
HCP0120,Haematologist,East,Tier1,17,22,3,3,1,2,95.8,0.2,25.5,2.4,4.4,7.8,40.1,1200.0,29.93,26,3,Champions
HCP0121,Pulmonologist,East,Tier2,6,6,0,2,0,0,11.8,-3.2,0.0,1.4,0.0,0.0,1.4,277.7,198.36,43,2,Lapsed
HCP0122,Pulmonologist,East,Tier2,23,8,3,3,2,2,100.0,0.1,34.5,1.8,8.0,4.8,49.1,415.8,8.47,34,1,Risers
HCP0123,Oncologist,Central,Tier2,15,6,3,3,3,2,100.0,-0.1,27.6,2.9,13.7,5.0,49.2,300.4,6.11,35,1,Risers
HCP0124,Oncologist,South,Tier2,24,5,3,2,0,2,89.7,2.7,31.8,1.8,0.0,5.7,39.3,226.3,5.76,43,3,Champions
HCP0125,Oncologist,Central,Tier2,21,7,1,1,1,1,47.5,2.3,9.3,0.6,4.1,2.5,16.5,379.7,23.01,36,0,Loyalists
HCP0126,Haematologist,South,Tier2,16,7,1,2,0,1,44.8,1.1,9.6,1.3,0.0,3.0,13.9,374.6,26.95,44,0,Loyalists
HCP0127,Pulmonologist,East,Tier2,6,10,1,2,1,1,57.7,-1.6,9.0,1.8,4.3,3.7,18.8,502.4,26.72,42,0,Loyalists
HCP0128,Pulmonologist,East,Tier3,29,2,0,0,0,0,0.0,3.6,0.0,0.0,0.0,0.0,0.0,94.6,0.0,99,2,Lapsed
HCP0129,Oncologist,Central,Tier2,31,9,2,3,1,1,77.5,0.5,19.3,2.6,4.8,3.2,29.9,415.9,13.91,41,1,Risers
HCP0130,Haematologist,Central,Tier2,30,6,1,2,1,0,36.8,2.0,10.9,1.4,3.3,0.0,15.6,291.8,18.71,36,0,Loyalists
HCP0131,Haematologist,South,Tier2,10,2,3,1,1,1,73.6,1.4,30.1,0.9,5.0,3.4,39.4,95.1,2.41,36,1,Risers
HCP0132,Oncologist,West,Tier2,18,4,2,1,1,0,53.2,1.4,23.5,0.7,3.2,0.0,27.4,200.3,7.31,36,0,Loyalists
HCP0133,Oncologist,South,Tier3,32,1,0,0,0,0,0.0,1.1,0.0,0.0,0.0,0.0,0.0,54.7,0.0,100,2,Lapsed
HCP0134,Oncologist,Central,Tier2,20,7,2,4,1,1,86.8,0.1,20.0,3.3,4.8,2.5,30.6,355.2,11.61,42,1,Risers
HCP0135,Cardiologist,Central,Tier2,4,12,2,1,0,1,40.5,3.5,20.7,1.0,0.0,2.8,24.5,646.8,26.4,42,0,Loyalists
HCP0136,Oncologist,North,Tier3,15,1,0,0,0,0,5.7,-3.2,0.0,0.0,0.0,0.0,0.0,51.5,0.0,96,2,Lapsed
HCP0137,Haematologist,Central,Tier2,6,9,3,2,2,0,81.7,-0.5,24.6,1.5,9.2,0.0,35.3,447.8,12.69,32,1,Risers
HCP0138,Internist,North,Tier2,28,8,1,1,0,1,27.9,3.1,10.3,0.8,0.0,2.3,13.4,428.4,31.97,44,2,Lapsed
HCP0139,Haematologist,West,Tier3,27,4,0,0,1,0,4.8,1.4,0.0,0.0,5.0,0.0,5.0,198.9,39.78,101,2,Lapsed
HCP0140,Cardiologist,South,Tier2,32,10,0,1,2,1,39.1,5.7,0.0,0.9,7.2,2.3,10.4,536.9,51.62,32,0,Loyalists
HCP0141,Cardiologist,South,Tier2,13,7,1,2,0,1,31.5,0.8,11.5,1.8,0.0,3.4,16.7,335.4,20.08,36,0,Loyalists
HCP0142,Oncologist,North,Tier3,9,0,0,1,0,0,5.3,3.6,0.0,0.5,0.0,0.0,0.5,0.0,0.0,103,2,Lapsed
HCP0143,Haematologist,South,Tier1,33,18,2,2,2,2,95.5,-2.2,21.9,2.0,7.6,5.7,37.2,964.0,25.91,15,3,Champions
HCP0144,Oncologist,Central,Tier1,12,23,1,3,3,1,84.1,-1.4,11.7,2.6,14.1,3.0,31.4,1170.1,37.26,27,3,Champions
HCP0145,Oncologist,East,Tier2,15,3,0,4,2,1,60.1,2.9,0.0,3.7,7.5,3.9,15.1,161.7,10.71,31,0,Loyalists
HCP0146,Oncologist,North,Tier3,33,2,0,1,1,0,21.1,-3.1,0.0,0.8,4.2,0.0,5.0,108.8,21.76,92,2,Lapsed
HCP0147,Internist,South,Tier1,9,18,2,2,0,1,56.7,0.6,16.4,1.9,0.0,3.0,21.3,819.7,38.48,27,0,Loyalists
HCP0148,Haematologist,North,Tier1,22,29,3,2,2,2,100.0,4.1,35.0,1.1,8.6,6.3,51.0,1450.3,28.44,17,3,Champions
HCP0149,Oncologist,North,Tier1,6,20,0,3,1,0,40.0,1.7,0.0,2.0,4.9,0.0,6.9,975.0,141.3,19,0,Loyalists
HCP0150,Oncologist,East,Tier1,9,12,3,4,1,2,100.0,1.9,24.3,3.8,3.1,4.4,35.6,615.1,17.28,26,3,Champions
HCP0151,Cardiologist,Central,Tier1,3,12,1,2,0,2,55.5,-0.1,10.8,1.2,0.0,7.3,19.3,635.2,32.91,21,0,Loyalists
HCP0152,Oncologist,North,Tier2,15,5,1,3,0,0,38.3,1.2,9.9,1.6,0.0,0.0,11.5,239.0,20.78,39,0,Loyalists
HCP0153,Oncologist,South,Tier2,24,2,6,0,2,0,100.0,3.4,51.0,0.0,7.9,0.0,58.9,101.1,1.72,39,1,Risers
HCP0154,Haematologist,West,Tier2,23,9,2,2,1,0,66.3,-0.2,17.7,1.8,3.2,0.0,22.7,468.8,20.65,36,0,Loyalists
HCP0155,Cardiologist,North,Tier2,24,10,1,3,0,2,50.8,1.7,8.3,1.7,0.0,5.5,15.5,463.4,29.9,33,0,Loyalists
HCP0156,Oncologist,North,Tier1,30,29,2,2,1,2,82.8,3.5,20.6,1.9,3.7,4.4,30.6,1541.1,50.36,15,3,Champions
HCP0157,Internist,East,Tier2,11,7,3,2,2,0,84.4,1.2,31.5,1.7,6.6,0.0,39.8,357.4,8.98,31,1,Risers
HCP0158,Internist,Central,Tier2,28,11,1,1,2,1,55.5,1.1,10.0,0.8,9.4,3.8,24.0,599.4,24.98,44,0,Loyalists
HCP0159,Oncologist,West,Tier3,11,1,1,2,0,0,28.2,1.6,11.3,1.8,0.0,0.0,13.1,48.4,3.69,93,2,Lapsed
HCP0160,Internist,South,Tier1,17,20,1,1,0,2,43.8,1.8,11.4,0.7,0.0,7.8,19.9,921.6,46.31,19,3,Champions
HCP0161,Haematologist,West,Tier2,12,7,0,3,0,0,23.8,2.2,0.0,1.8,0.0,0.0,1.8,350.5,194.72,32,0,Loyalists
HCP0162,Internist,South,Tier2,26,6,2,1,2,0,59.9,-0.9,16.1,0.6,8.8,0.0,25.5,275.1,10.79,35,1,Risers
HCP0163,Internist,Central,Tier3,10,1,0,2,0,1,22.5,-0.7,0.0,1.5,0.0,2.8,4.3,54.7,12.72,94,2,Lapsed
HCP0164,Haematologist,South,Tier3,26,5,2,1,0,0,28.5,-0.2,19.3,0.8,0.0,0.0,20.1,226.9,11.29,94,2,Lapsed
HCP0165,Oncologist,East,Tier2,18,10,0,3,1,0,32.4,-1.2,0.0,2.7,3.4,0.0,6.1,525.4,86.13,31,0,Loyalists
HCP0166,Pulmonologist,East,Tier2,28,14,2,1,1,2,67.4,-2.4,21.2,0.9,4.8,6.4,33.3,703.5,21.13,37,3,Champions
HCP0167,Oncologist,East,Tier3,29,1,1,3,1,0,51.8,-5.6,9.4,2.4,3.3,0.0,15.1,48.7,3.23,94,0,Loyalists
HCP0168,Oncologist,East,Tier1,6,22,2,1,2,1,81.8,3.6,23.3,0.9,7.1,2.7,34.0,1004.5,29.54,24,3,Champions
HCP0169,Oncologist,West,Tier1,26,16,1,2,0,0,27.9,-2.5,8.5,1.2,0.0,0.0,9.7,819.5,84.48,15,0,Loyalists
HCP0170,Internist,Central,Tier2,21,7,3,2,0,0,55.9,4.3,32.1,1.1,0.0,0.0,33.2,356.0,10.72,36,0,Loyalists
HCP0171,Internist,South,Tier1,12,20,2,1,2,1,68.4,2.7,16.0,0.9,6.8,2.9,26.6,956.2,35.95,26,3,Champions
HCP0172,Oncologist,South,Tier3,27,1,0,0,1,1,22.8,-0.5,0.0,0.0,4.2,4.0,8.2,54.1,6.6,104,2,Lapsed
HCP0173,Haematologist,East,Tier3,20,2,1,3,0,0,41.9,2.0,8.5,1.9,0.0,0.0,10.4,96.1,9.24,98,0,Loyalists
HCP0174,Oncologist,East,Tier2,21,13,1,5,2,1,92.6,2.4,8.4,4.2,6.2,2.4,21.2,643.5,30.35,38,1,Risers
HCP0175,Internist,North,Tier2,12,5,0,2,2,2,64.1,-1.3,0.0,1.4,7.5,6.1,15.0,252.2,16.81,30,0,Loyalists
HCP0176,Oncologist,Central,Tier3,35,0,1,3,0,0,43.8,0.7,9.5,2.8,0.0,0.0,12.3,0.0,0.0,96,0,Loyalists
HCP0177,Internist,West,Tier3,7,2,0,1,0,0,6.6,-1.8,0.0,0.6,0.0,0.0,0.6,108.6,181.0,98,2,Lapsed
HCP0178,Haematologist,South,Tier2,35,14,0,1,0,1,28.3,1.6,0.0,0.5,0.0,3.6,4.1,682.4,166.44,35,0,Loyalists
HCP0179,Cardiologist,North,Tier3,23,1,1,2,1,1,51.2,-0.5,9.8,1.3,4.1,3.4,18.6,45.8,2.46,90,0,Loyalists
HCP0180,Oncologist,North,Tier3,19,1,0,2,0,1,26.5,0.2,0.0,1.6,0.0,2.5,4.1,48.9,11.93,91,2,Lapsed
HCP0181,Oncologist,South,Tier3,24,2,0,4,0,0,38.5,0.3,0.0,2.8,0.0,0.0,2.8,102.0,36.43,93,0,Loyalists
HCP0182,Oncologist,West,Tier1,17,18,0,2,2,2,62.8,1.1,0.0,1.5,6.2,7.6,15.3,902.5,58.99,27,3,Champions
HCP0183,Cardiologist,North,Tier2,30,11,3,2,1,1,71.8,4.8,32.3,1.9,4.3,2.4,40.9,571.4,13.97,33,1,Risers
HCP0184,Pulmonologist,North,Tier3,9,0,0,0,0,1,10.0,-0.4,0.0,0.0,0.0,2.3,2.3,0.0,0.0,91,2,Lapsed
HCP0185,Oncologist,Central,Tier2,34,1,3,1,1,0,69.3,3.7,32.4,0.6,4.6,0.0,37.6,47.8,1.27,37,1,Risers
HCP0186,Internist,West,Tier3,13,2,3,0,0,0,38.3,1.9,27.7,0.0,0.0,0.0,27.7,106.4,3.84,91,2,Lapsed
HCP0187,Pulmonologist,North,Tier1,12,15,3,7,2,3,100.0,5.5,25.2,5.4,7.2,11.4,49.2,687.0,13.96,16,3,Champions
HCP0188,Internist,West,Tier1,11,14,4,4,2,1,100.0,1.6,36.4,3.9,8.9,3.8,53.0,749.8,14.15,27,1,Risers
HCP0189,Haematologist,South,Tier2,16,11,1,3,0,1,54.9,2.2,11.3,3.0,0.0,3.1,17.4,505.1,29.03,33,0,Loyalists
HCP0190,Oncologist,East,Tier1,15,16,2,3,2,0,74.5,1.3,23.8,1.9,9.2,0.0,34.9,853.5,24.46,22,1,Risers
HCP0191,Oncologist,North,Tier3,27,5,2,1,1,0,55.0,-5.0,20.0,0.9,4.4,0.0,25.3,243.0,9.6,99,0,Loyalists
HCP0192,Pulmonologist,Central,Tier3,4,0,1,0,0,0,15.8,-1.9,8.0,0.0,0.0,0.0,8.0,0.0,0.0,90,2,Lapsed
HCP0193,Cardiologist,South,Tier3,9,2,1,1,1,1,53.8,1.9,8.6,0.5,3.2,3.5,15.8,93.1,5.89,97,0,Loyalists
HCP0194,Internist,West,Tier2,23,9,1,2,1,0,56.9,1.8,9.3,1.0,4.4,0.0,14.7,411.0,27.96,41,0,Loyalists
HCP0195,Oncologist,South,Tier2,20,14,1,3,0,1,56.7,-1.7,10.3,2.2,0.0,3.3,15.8,660.2,41.78,44,0,Loyalists
HCP0196,Oncologist,North,Tier2,5,13,2,2,1,1,70.4,1.6,16.6,1.5,4.7,3.0,25.8,601.6,23.32,43,1,Risers
HCP0197,Internist,West,Tier2,13,2,2,0,1,0,53.6,1.8,23.5,0.0,3.1,0.0,26.6,96.2,3.62,34,2,Lapsed
HCP0198,Pulmonologist,East,Tier2,26,12,1,0,1,1,40.0,0.5,9.5,0.0,3.0,2.3,14.8,601.7,40.66,36,0,Loyalists
HCP0199,Pulmonologist,South,Tier2,21,7,1,1,1,1,40.5,2.2,11.7,0.6,3.7,2.6,18.6,356.2,19.15,37,0,Loyalists
HCP0200,Internist,North,Tier2,6,9,0,2,2,2,59.8,2.1,0.0,1.6,6.6,4.6,12.8,476.1,37.2,44,0,Loyalists
HCP0201,Internist,Central,Tier2,28,6,1,4,1,1,72.8,1.1,11.0,2.6,4.1,2.4,20.1,309.4,15.39,34,0,Loyalists
HCP0202,Oncologist,West,Tier3,34,2,0,1,0,0,12.1,-0.9,0.0,0.6,0.0,0.0,0.6,102.2,170.33,97,2,Lapsed
HCP0203,Oncologist,South,Tier3,35,2,0,2,0,0,10.4,2.4,0.0,1.4,0.0,0.0,1.4,98.2,70.14,99,2,Lapsed
HCP0204,Pulmonologist,South,Tier2,5,8,1,2,2,2,69.5,2.1,10.6,1.2,9.4,5.1,26.3,397.9,15.13,40,1,Risers
HCP0205,Internist,East,Tier2,11,7,2,1,2,0,60.3,-1.6,21.0,0.8,6.0,0.0,27.8,344.0,12.37,37,1,Risers
HCP0206,Oncologist,East,Tier3,10,1,1,0,0,1,27.7,0.8,10.2,0.0,0.0,3.2,13.4,53.4,3.99,98,2,Lapsed
HCP0207,Oncologist,Central,Tier1,35,31,1,4,3,1,96.3,-0.7,11.9,3.0,9.2,2.3,26.4,1466.3,55.54,15,3,Champions
HCP0208,Internist,Central,Tier3,8,3,1,2,0,1,41.7,-1.2,10.9,1.2,0.0,3.6,15.7,135.2,8.61,92,0,Loyalists
HCP0209,Oncologist,North,Tier3,6,2,0,0,0,0,0.0,-1.3,0.0,0.0,0.0,0.0,0.0,103.0,0.0,90,2,Lapsed
HCP0210,Oncologist,North,Tier2,15,7,2,2,2,1,88.7,1.5,23.0,1.8,6.4,2.5,33.7,329.2,9.77,33,1,Risers
HCP0211,Haematologist,Central,Tier2,4,7,3,2,2,0,79.6,2.3,26.6,1.1,8.4,0.0,36.1,377.3,10.45,44,1,Risers
HCP0212,Internist,Central,Tier2,7,6,3,2,1,1,89.5,0.7,25.0,1.5,3.9,3.9,34.3,321.5,9.37,44,1,Risers
HCP0213,Internist,West,Tier2,29,9,3,4,2,1,100.0,1.3,29.8,2.1,9.8,3.7,45.4,411.9,9.07,34,1,Risers
HCP0214,Oncologist,East,Tier1,34,19,2,3,0,2,80.4,0.2,20.1,2.4,0.0,6.8,29.3,875.2,29.87,24,3,Champions
HCP0215,Internist,North,Tier3,23,2,0,1,1,0,17.8,2.4,0.0,0.6,3.4,0.0,4.0,99.9,24.98,90,2,Lapsed
HCP0216,Oncologist,East,Tier1,10,19,2,1,1,3,79.3,-4.5,19.6,0.8,3.1,8.5,32.0,970.8,30.34,21,3,Champions
HCP0217,Oncologist,East,Tier2,10,8,2,0,0,2,50.3,0.2,20.6,0.0,0.0,6.2,26.8,382.0,14.25,31,0,Loyalists
HCP0218,Internist,Central,Tier3,5,1,1,0,0,0,12.6,3.4,10.1,0.0,0.0,0.0,10.1,52.2,5.17,90,2,Lapsed
HCP0219,Internist,West,Tier3,5,3,0,0,0,1,11.1,1.1,0.0,0.0,0.0,2.9,2.9,152.8,52.69,91,2,Lapsed
HCP0220,Pulmonologist,South,Tier2,24,6,2,3,0,1,71.9,3.7,20.9,2.4,0.0,3.2,26.5,289.5,10.92,44,0,Loyalists
HCP0221,Internist,West,Tier2,8,5,0,3,1,1,39.5,-3.3,0.0,2.1,4.2,2.7,9.0,226.3,25.14,42,0,Loyalists
HCP0222,Internist,West,Tier1,4,15,1,1,1,1,41.7,-1.7,8.6,1.0,4.1,3.6,17.3,787.5,45.52,18,0,Loyalists
HCP0223,Oncologist,East,Tier2,25,7,2,3,0,1,60.2,2.2,20.8,2.7,0.0,3.7,27.2,330.0,12.13,38,0,Loyalists
HCP0224,Haematologist,West,Tier1,4,27,1,1,2,2,66.5,4.2,10.4,0.6,7.8,5.3,24.1,1440.3,59.76,22,3,Champions
HCP0225,Oncologist,North,Tier2,19,10,3,1,1,1,74.3,-0.9,26.0,0.9,5.0,3.7,35.6,492.0,13.82,31,1,Risers
HCP0226,Oncologist,East,Tier3,25,3,0,0,0,0,3.9,-0.8,0.0,0.0,0.0,0.0,0.0,152.3,0.0,91,2,Lapsed
HCP0227,Cardiologist,North,Tier1,32,16,4,2,2,2,100.0,2.9,47.7,1.8,9.6,7.4,66.5,859.7,12.93,16,3,Champions
HCP0228,Haematologist,South,Tier3,10,4,0,0,1,0,13.5,-2.7,0.0,0.0,4.6,0.0,4.6,214.5,46.63,96,2,Lapsed
HCP0229,Pulmonologist,East,Tier3,24,2,1,1,1,0,37.0,1.7,8.9,0.6,3.2,0.0,12.7,97.4,7.67,100,2,Lapsed
HCP0230,Internist,South,Tier1,7,15,1,2,1,2,64.2,-4.4,8.7,1.7,3.5,6.6,20.5,706.3,34.45,16,3,Champions
HCP0231,Internist,East,Tier3,15,0,0,4,1,0,47.5,1.8,0.0,2.6,3.0,0.0,5.6,0.0,0.0,90,0,Loyalists
HCP0232,Haematologist,Central,Tier2,31,6,1,0,0,0,14.4,-1.7,10.4,0.0,0.0,0.0,10.4,296.0,28.46,43,2,Lapsed
HCP0233,Internist,West,Tier3,33,2,0,0,0,0,8.2,-0.9,0.0,0.0,0.0,0.0,0.0,93.8,0.0,103,2,Lapsed
HCP0234,Haematologist,Central,Tier2,18,3,2,0,1,1,64.7,2.2,16.7,0.0,3.9,2.6,23.2,162.1,6.99,43,0,Loyalists
HCP0235,Oncologist,South,Tier2,32,9,1,2,2,2,78.5,2.1,11.6,1.2,8.7,6.0,27.5,422.8,15.37,35,1,Risers
HCP0236,Internist,West,Tier2,18,12,3,0,0,1,56.1,1.0,28.7,0.0,0.0,2.9,31.6,543.1,17.19,32,0,Loyalists
HCP0237,Oncologist,East,Tier3,14,2,0,2,0,1,29.1,2.3,0.0,1.7,0.0,2.7,4.4,90.4,20.55,90,2,Lapsed
HCP0238,Oncologist,West,Tier3,19,2,0,1,0,0,2.5,-3.3,0.0,0.6,0.0,0.0,0.6,102.4,170.67,103,2,Lapsed
HCP0239,Internist,North,Tier2,18,10,3,2,2,1,95.9,2.1,28.7,1.1,6.2,3.5,39.5,516.2,13.07,42,1,Risers
HCP0240,Oncologist,West,Tier3,14,1,2,1,0,2,54.3,-0.6,22.9,0.6,0.0,7.4,30.9,48.1,1.56,93,0,Loyalists
HCP0241,Cardiologist,North,Tier2,10,5,1,1,0,1,35.5,2.4,11.7,0.7,0.0,3.9,16.3,241.0,14.79,42,2,Lapsed
HCP0242,Cardiologist,West,Tier1,22,14,2,2,2,1,76.4,2.8,18.4,1.5,7.2,2.5,29.6,677.5,22.89,14,1,Risers
HCP0243,Cardiologist,North,Tier1,5,12,1,2,2,2,73.3,2.6,11.5,1.0,7.0,6.9,26.4,621.6,23.55,14,3,Champions
HCP0244,Haematologist,South,Tier2,18,6,2,2,1,0,48.6,4.4,22.3,2.0,3.7,0.0,28.0,273.5,9.77,41,0,Loyalists
HCP0245,Oncologist,Central,Tier2,32,12,1,1,0,1,27.1,2.8,11.7,0.9,0.0,3.4,16.0,651.5,40.72,31,0,Loyalists
HCP0246,Cardiologist,East,Tier3,25,1,0,0,1,1,23.8,-0.0,0.0,0.0,4.0,3.0,7.0,47.2,6.74,99,2,Lapsed
HCP0247,Haematologist,West,Tier1,30,19,2,5,1,2,97.7,1.7,20.6,3.3,3.9,8.0,35.8,1044.9,29.19,21,3,Champions
HCP0248,Cardiologist,Central,Tier2,7,7,1,0,1,0,32.3,1.7,9.1,0.0,4.0,0.0,13.1,327.0,24.96,31,2,Lapsed
HCP0249,Cardiologist,East,Tier1,22,17,4,4,0,3,100.0,2.4,45.2,3.3,0.0,11.7,60.2,896.2,14.89,24,3,Champions
HCP0250,Pulmonologist,East,Tier3,3,1,1,2,0,0,33.3,2.0,8.0,1.1,0.0,0.0,9.1,47.2,5.19,91,2,Lapsed
HCP0251,Oncologist,North,Tier3,32,3,2,1,0,0,34.2,-3.7,20.5,0.6,0.0,0.0,21.1,137.4,6.51,104,2,Lapsed
HCP0252,Haematologist,South,Tier2,23,7,0,1,1,1,31.9,4.2,0.0,0.9,3.3,3.6,7.8,376.2,48.23,40,0,Loyalists
HCP0253,Pulmonologist,South,Tier3,22,2,1,0,0,0,7.3,0.4,9.3,0.0,0.0,0.0,9.3,107.2,11.53,100,2,Lapsed
HCP0254,Oncologist,Central,Tier1,8,24,0,3,2,2,65.7,-2.2,0.0,2.1,9.0,5.0,16.1,1176.9,73.1,23,3,Champions
HCP0255,Oncologist,South,Tier3,24,0,0,1,0,0,3.8,-1.7,0.0,0.9,0.0,0.0,0.9,0.0,0.0,99,2,Lapsed
HCP0256,Internist,West,Tier2,20,9,4,3,1,1,100.0,-2.3,41.7,2.5,4.3,2.0,50.5,455.1,9.01,37,1,Risers
HCP0257,Cardiologist,South,Tier3,10,1,0,3,1,0,38.3,-1.5,0.0,2.0,3.5,0.0,5.5,53.5,9.73,101,0,Loyalists
HCP0258,Internist,Central,Tier1,34,16,2,3,2,2,91.8,1.4,18.1,2.5,8.4,6.0,35.0,770.4,22.01,19,3,Champions
HCP0259,Internist,South,Tier2,35,7,4,1,2,1,100.0,4.9,40.3,0.5,8.3,3.1,52.2,351.7,6.74,41,1,Risers
HCP0260,Oncologist,West,Tier3,18,2,0,0,1,0,8.1,1.0,0.0,0.0,4.0,0.0,4.0,99.7,24.92,100,2,Lapsed
HCP0261,Internist,North,Tier2,14,5,3,3,1,1,95.8,2.1,24.1,2.2,4.1,3.8,34.2,242.7,7.1,33,1,Risers
HCP0262,Cardiologist,Central,Tier1,16,22,2,2,2,3,100.0,-0.7,20.5,1.8,8.0,7.0,37.3,1186.1,31.8,16,3,Champions
HCP0263,Oncologist,North,Tier1,35,19,2,1,1,3,72.8,-0.4,21.3,1.0,4.1,8.2,34.6,886.5,25.62,14,3,Champions
HCP0264,Haematologist,North,Tier2,25,10,3,3,1,1,95.1,0.2,31.1,2.9,4.4,2.8,41.2,465.0,11.29,40,1,Risers
HCP0265,Pulmonologist,North,Tier2,4,11,2,2,2,0,65.9,-0.1,21.9,1.9,6.4,0.0,30.2,558.5,18.49,32,1,Risers
HCP0266,Internist,East,Tier1,23,15,2,5,1,2,100.0,1.0,20.6,3.8,4.5,7.2,36.1,773.6,21.43,25,3,Champions
HCP0267,Internist,East,Tier2,4,7,0,2,0,0,16.2,-0.3,0.0,1.4,0.0,0.0,1.4,328.6,234.71,43,2,Lapsed
HCP0268,Internist,North,Tier1,29,22,4,1,1,3,100.0,1.2,33.9,0.7,3.1,9.4,47.1,1076.0,22.85,22,3,Champions
HCP0269,Haematologist,Central,Tier3,11,3,1,3,1,0,46.0,-0.4,10.4,2.5,5.0,0.0,17.9,163.4,9.13,94,0,Loyalists
HCP0270,Oncologist,West,Tier1,3,16,4,2,3,1,100.0,2.5,36.4,1.9,14.7,3.6,56.6,759.5,13.42,26,1,Risers
HCP0271,Pulmonologist,West,Tier2,13,9,0,1,1,1,24.1,-0.2,0.0,0.6,3.1,2.3,6.0,465.2,77.53,35,0,Loyalists
HCP0272,Pulmonologist,South,Tier1,5,11,3,2,2,1,88.8,-1.5,29.2,1.9,7.8,3.4,42.3,576.4,13.63,18,1,Risers
HCP0273,Pulmonologist,Central,Tier2,25,4,3,0,2,2,89.1,1.6,30.7,0.0,6.7,5.7,43.1,197.9,4.59,30,1,Risers
HCP0274,Cardiologist,East,Tier3,28,2,2,1,0,0,38.1,0.5,18.6,1.0,0.0,0.0,19.6,108.8,5.55,99,2,Lapsed
HCP0275,Haematologist,North,Tier2,6,11,1,1,0,0,8.8,-2.7,10.9,0.9,0.0,0.0,11.8,576.0,48.81,30,2,Lapsed
HCP0276,Haematologist,South,Tier1,20,10,3,2,2,1,100.0,0.5,31.7,1.3,9.8,3.0,45.8,495.8,10.83,17,1,Risers
HCP0277,Internist,West,Tier3,8,6,0,1,1,0,9.3,1.5,0.0,0.6,4.3,0.0,4.9,304.2,62.08,104,2,Lapsed
HCP0278,Internist,East,Tier3,24,0,0,2,1,0,27.3,-1.8,0.0,1.1,3.7,0.0,4.8,0.0,0.0,92,2,Lapsed
HCP0279,Internist,East,Tier1,17,17,2,4,1,2,100.0,-0.9,21.2,2.6,4.2,6.8,34.8,865.7,24.88,24,3,Champions
HCP0280,Internist,North,Tier3,24,0,0,0,0,0,11.0,-0.6,0.0,0.0,0.0,0.0,0.0,0.0,0.0,97,2,Lapsed
HCP0281,Pulmonologist,West,Tier3,14,3,0,1,0,0,6.2,1.4,0.0,0.9,0.0,0.0,0.9,145.7,161.89,101,2,Lapsed
HCP0282,Oncologist,Central,Tier1,20,20,3,2,1,3,95.8,5.3,24.1,1.9,4.7,6.3,37.0,960.0,25.95,25,3,Champions
HCP0283,Haematologist,East,Tier3,32,0,0,0,0,1,16.5,1.4,0.0,0.0,0.0,3.7,3.7,0.0,0.0,96,2,Lapsed
HCP0284,Oncologist,North,Tier3,26,3,1,2,1,1,57.3,3.1,9.5,1.0,3.6,2.0,16.1,136.1,8.45,104,0,Loyalists
HCP0285,Internist,Central,Tier2,32,16,3,3,0,0,66.6,2.0,35.3,1.8,0.0,0.0,37.1,726.9,19.59,40,0,Loyalists
HCP0286,Oncologist,West,Tier1,16,18,1,2,3,1,73.9,-0.1,11.3,1.1,9.2,3.3,24.9,966.6,38.82,28,1,Risers
HCP0287,Haematologist,East,Tier1,8,20,3,2,1,1,79.4,2.8,31.1,1.4,4.6,2.6,39.7,1035.7,26.09,20,3,Champions
HCP0288,Haematologist,Central,Tier3,5,2,0,0,0,1,8.3,-0.1,0.0,0.0,0.0,2.5,2.5,103.2,41.28,104,2,Lapsed
HCP0289,Oncologist,Central,Tier3,18,3,1,1,0,2,44.6,1.4,8.8,0.5,0.0,4.0,13.3,153.4,11.53,97,0,Loyalists
HCP0290,Internist,Central,Tier2,9,10,0,1,1,2,37.2,-1.3,0.0,0.7,3.9,4.9,9.5,534.9,56.31,43,0,Loyalists
HCP0291,Oncologist,East,Tier2,16,7,0,5,0,0,37.8,1.7,0.0,2.9,0.0,0.0,2.9,348.6,120.21,39,0,Loyalists
HCP0292,Oncologist,East,Tier2,11,13,1,3,3,2,98.2,1.3,9.2,2.5,9.7,6.4,27.8,698.2,25.12,36,1,Risers
HCP0293,Pulmonologist,South,Tier2,17,3,0,2,2,1,42.6,1.3,0.0,1.5,9.4,2.3,13.2,145.8,11.05,39,0,Loyalists
HCP0294,Haematologist,West,Tier2,23,12,1,2,1,0,41.1,0.6,8.7,1.5,4.8,0.0,15.0,651.2,43.41,31,0,Loyalists
HCP0295,Oncologist,North,Tier1,4,24,1,5,1,1,68.6,0.8,11.9,3.6,4.9,3.2,23.6,1247.7,52.87,17,3,Champions
HCP0296,Haematologist,Central,Tier3,29,3,0,1,1,0,20.5,1.3,0.0,1.0,3.8,0.0,4.8,142.7,29.73,104,2,Lapsed
HCP0297,Internist,South,Tier2,4,8,1,1,1,1,35.3,-0.1,11.7,0.6,3.4,2.1,17.8,405.1,22.76,40,0,Loyalists
HCP0298,Oncologist,North,Tier3,20,1,0,1,0,0,12.5,-3.0,0.0,0.8,0.0,0.0,0.8,50.3,62.87,95,2,Lapsed
HCP0299,Internist,South,Tier2,16,4,1,3,1,1,54.4,-2.7,10.1,2.6,3.7,2.1,18.5,185.5,10.03,32,0,Loyalists
HCP0300,Oncologist,East,Tier1,22,30,5,3,3,2,100.0,3.1,54.5,2.3,10.1,7.0,73.9,1527.4,20.67,28,3,Champions
HCP0301,Oncologist,Central,Tier1,20,15,0,3,0,2,42.2,-0.2,0.0,2.9,0.0,5.3,8.2,722.2,88.07,16,0,Loyalists
HCP0302,Haematologist,North,Tier2,12,5,1,3,0,1,57.6,-2.6,10.5,2.1,0.0,3.6,16.2,227.6,14.05,44,0,Loyalists
HCP0303,Haematologist,North,Tier3,27,1,0,2,1,0,31.6,0.7,0.0,1.5,4.7,0.0,6.2,54.5,8.79,95,2,Lapsed
HCP0304,Internist,North,Tier1,4,14,5,5,1,2,100.0,2.5,46.0,2.7,3.1,5.8,57.6,719.8,12.5,14,3,Champions
HCP0305,Internist,North,Tier3,27,1,0,0,0,1,3.3,-0.9,0.0,0.0,0.0,3.0,3.0,53.8,17.93,103,2,Lapsed
HCP0306,Cardiologist,North,Tier2,35,7,1,2,1,0,41.0,1.3,10.0,1.3,4.5,0.0,15.8,362.3,22.93,30,0,Loyalists
HCP0307,Haematologist,South,Tier3,33,2,0,2,1,0,39.2,3.1,0.0,1.2,4.5,0.0,5.7,97.1,17.04,94,2,Lapsed
HCP0308,Oncologist,Central,Tier2,16,7,2,3,1,0,61.3,3.8,18.3,2.3,4.8,0.0,25.4,350.9,13.81,30,0,Loyalists
HCP0309,Internist,East,Tier3,3,3,0,1,2,0,27.3,0.8,0.0,0.8,8.9,0.0,9.7,155.3,16.01,99,2,Lapsed
HCP0310,Oncologist,East,Tier3,18,4,1,0,1,0,34.6,0.3,8.3,0.0,4.9,0.0,13.2,218.4,16.55,97,2,Lapsed
HCP0311,Haematologist,East,Tier2,5,13,3,3,0,2,90.0,1.9,24.6,2.5,0.0,5.8,32.9,618.0,18.78,31,3,Champions
HCP0312,Oncologist,East,Tier1,8,17,4,4,4,1,100.0,3.3,36.1,3.2,16.0,3.3,58.6,913.7,15.59,19,1,Risers
HCP0313,Oncologist,South,Tier3,27,0,1,0,0,1,21.4,-0.1,8.3,0.0,0.0,3.0,11.3,0.0,0.0,99,2,Lapsed
HCP0314,Cardiologist,West,Tier3,15,2,0,1,0,1,17.5,0.6,0.0,0.7,0.0,3.2,3.9,103.4,26.51,99,2,Lapsed
HCP0315,Pulmonologist,Central,Tier1,10,19,3,2,2,3,100.0,-1.2,33.8,1.7,7.0,9.3,51.8,1031.9,19.92,18,3,Champions
HCP0316,Internist,North,Tier3,23,2,0,1,0,0,7.3,0.3,0.0,0.8,0.0,0.0,0.8,98.0,122.5,99,2,Lapsed
HCP0317,Haematologist,West,Tier3,6,3,1,0,0,1,30.6,1.4,10.6,0.0,0.0,3.4,14.0,163.6,11.69,101,2,Lapsed
HCP0318,Oncologist,East,Tier3,27,1,0,1,0,0,9.9,-0.8,0.0,0.7,0.0,0.0,0.7,52.0,74.29,101,2,Lapsed
HCP0319,Oncologist,West,Tier3,17,1,0,1,0,0,2.8,-0.0,0.0,0.8,0.0,0.0,0.8,45.4,56.75,93,2,Lapsed
HCP0320,Oncologist,Central,Tier3,6,2,0,1,1,0,19.9,-1.9,0.0,1.0,4.8,0.0,5.8,108.1,18.64,90,2,Lapsed
HCP0321,Haematologist,North,Tier2,14,9,1,2,1,0,47.9,-1.7,9.2,1.7,3.0,0.0,13.9,448.6,32.27,43,0,Loyalists
HCP0322,Internist,North,Tier2,34,7,1,3,4,1,100.0,2.1,10.1,1.6,17.9,2.8,32.4,347.2,10.72,43,1,Risers
HCP0323,Internist,Central,Tier2,34,3,1,1,0,1,32.8,-0.9,9.5,0.7,0.0,3.5,13.7,152.0,11.09,32,2,Lapsed
HCP0324,Oncologist,Central,Tier3,30,1,0,0,0,0,0.0,-3.6,0.0,0.0,0.0,0.0,0.0,46.5,0.0,102,2,Lapsed
HCP0325,Cardiologist,East,Tier3,15,2,2,2,0,0,37.0,-1.3,16.9,1.1,0.0,0.0,18.0,99.4,5.52,101,2,Lapsed
HCP0326,Internist,North,Tier2,33,5,0,1,0,1,10.1,-1.7,0.0,1.0,0.0,3.8,4.8,266.6,55.54,33,2,Lapsed
HCP0327,Internist,West,Tier3,16,4,2,3,0,0,51.4,2.6,19.4,2.9,0.0,0.0,22.3,180.6,8.1,91,0,Loyalists
HCP0328,Internist,South,Tier3,22,2,0,2,1,1,36.1,1.0,0.0,1.1,3.0,3.5,7.6,95.5,12.57,101,0,Loyalists
HCP0329,Haematologist,South,Tier2,20,6,3,2,2,0,77.6,-0.1,32.5,1.9,9.9,0.0,44.3,270.1,6.1,31,1,Risers
HCP0330,Oncologist,Central,Tier2,31,7,2,5,3,0,100.0,0.8,18.9,3.4,14.3,0.0,36.6,344.1,9.4,31,1,Risers
HCP0331,Haematologist,East,Tier2,8,6,1,0,0,1,18.7,3.0,11.3,0.0,0.0,2.1,13.4,313.7,23.41,40,2,Lapsed
HCP0332,Internist,South,Tier1,34,12,2,2,3,1,85.1,3.5,19.6,1.4,13.0,3.2,37.2,635.9,17.09,14,1,Risers
HCP0333,Oncologist,North,Tier2,31,8,0,2,1,1,38.4,-1.6,0.0,1.4,3.7,2.9,8.0,435.6,54.45,39,0,Loyalists
HCP0334,Oncologist,Central,Tier1,4,20,3,2,0,1,75.9,3.6,25.3,1.6,0.0,2.7,29.6,1021.7,34.52,15,3,Champions
HCP0335,Oncologist,West,Tier1,25,26,2,5,3,3,100.0,2.1,22.8,4.4,10.7,6.5,44.4,1236.2,27.84,19,3,Champions
HCP0336,Oncologist,Central,Tier2,21,5,1,0,1,1,39.9,2.2,10.9,0.0,4.1,3.1,18.1,271.2,14.98,32,2,Lapsed
HCP0337,Pulmonologist,West,Tier2,33,8,4,2,0,0,83.9,1.2,35.4,1.6,0.0,0.0,37.0,422.0,11.41,39,1,Risers
HCP0338,Internist,Central,Tier1,7,24,1,3,1,1,54.9,3.4,8.6,1.8,4.8,2.2,17.4,1217.9,69.99,18,3,Champions
HCP0339,Haematologist,Central,Tier3,21,1,0,1,0,1,28.8,-2.1,0.0,0.7,0.0,3.2,3.9,52.0,13.33,90,2,Lapsed
HCP0340,Oncologist,Central,Tier2,12,7,0,1,1,0,10.7,-0.2,0.0,0.7,3.4,0.0,4.1,379.7,92.61,37,2,Lapsed
HCP0341,Haematologist,West,Tier3,27,0,0,1,0,0,5.5,2.6,0.0,0.7,0.0,0.0,0.7,0.0,0.0,102,2,Lapsed
HCP0342,Haematologist,West,Tier3,4,1,0,2,2,1,52.8,-4.0,0.0,1.3,9.1,3.8,14.2,48.7,3.43,93,0,Loyalists
HCP0343,Oncologist,Central,Tier1,13,16,4,2,0,2,88.0,1.6,32.5,1.1,0.0,5.6,39.2,834.1,21.28,22,3,Champions
HCP0344,Haematologist,South,Tier2,33,6,1,3,1,1,56.4,0.3,9.6,1.7,3.5,3.9,18.7,272.4,14.57,33,0,Loyalists
HCP0345,Haematologist,East,Tier1,17,19,3,3,2,0,87.6,3.1,30.9,1.6,6.0,0.0,38.5,928.4,24.11,27,1,Risers
HCP0346,Internist,East,Tier2,11,12,2,3,1,0,64.4,3.4,23.6,2.2,4.5,0.0,30.3,588.8,19.43,44,1,Risers
HCP0347,Internist,East,Tier2,25,4,5,3,0,1,100.0,3.5,50.3,2.9,0.0,2.3,55.5,186.7,3.36,44,1,Risers
HCP0348,Oncologist,West,Tier2,21,9,3,1,1,0,65.1,1.7,33.8,0.6,4.6,0.0,39.0,407.1,10.44,44,1,Risers
HCP0349,Haematologist,West,Tier2,11,9,4,2,2,1,100.0,2.1,40.8,1.9,7.8,2.8,53.3,417.0,7.82,31,1,Risers
HCP0350,Internist,South,Tier2,23,12,2,3,2,1,73.6,0.9,16.3,2.6,9.6,3.2,31.7,618.6,19.51,32,1,Risers
HCP0351,Haematologist,East,Tier1,11,22,1,3,2,1,75.3,1.7,9.3,2.5,7.6,3.2,22.6,1166.5,51.62,18,3,Champions
HCP0352,Pulmonologist,East,Tier2,30,6,1,4,2,2,95.0,4.4,10.3,3.3,8.1,7.0,28.7,329.3,11.47,41,1,Risers
HCP0353,Internist,Central,Tier2,9,5,2,2,1,2,69.5,-0.4,23.6,1.8,4.0,6.0,35.4,242.3,6.84,39,0,Loyalists
HCP0354,Oncologist,West,Tier2,18,9,1,1,2,1,56.7,0.1,11.4,0.6,7.8,2.2,22.0,458.9,20.86,44,0,Loyalists
HCP0355,Oncologist,East,Tier2,18,7,2,2,0,0,47.0,0.7,17.8,1.5,0.0,0.0,19.3,380.6,19.72,42,0,Loyalists
HCP0356,Internist,South,Tier3,35,3,0,3,0,0,28.8,2.5,0.0,2.5,0.0,0.0,2.5,140.0,56.0,102,2,Lapsed
HCP0357,Oncologist,South,Tier1,6,16,4,2,1,1,94.4,2.2,35.2,1.6,3.6,3.9,44.3,834.8,18.84,27,3,Champions
HCP0358,Internist,East,Tier2,6,6,0,3,1,0,31.6,2.6,0.0,2.7,3.5,0.0,6.2,315.3,50.85,35,0,Loyalists
HCP0359,Cardiologist,West,Tier2,19,11,1,3,0,3,66.7,3.1,11.4,1.6,0.0,11.7,24.7,504.8,20.44,36,3,Champions
HCP0360,Internist,South,Tier2,31,8,3,1,3,0,95.4,2.8,33.3,0.8,12.5,0.0,46.6,428.9,9.2,33,1,Risers
HCP0361,Haematologist,Central,Tier3,9,0,0,0,0,0,5.2,-2.1,0.0,0.0,0.0,0.0,0.0,0.0,0.0,96,2,Lapsed
HCP0362,Internist,South,Tier3,29,3,0,2,0,0,15.9,3.6,0.0,1.4,0.0,0.0,1.4,136.0,97.14,104,2,Lapsed
HCP0363,Haematologist,North,Tier2,30,8,2,1,1,1,65.1,3.9,19.7,0.7,4.3,3.4,28.1,367.3,13.07,39,0,Loyalists
HCP0364,Haematologist,North,Tier3,24,2,0,2,0,0,4.2,0.4,0.0,1.6,0.0,0.0,1.6,91.0,56.88,92,2,Lapsed
HCP0365,Cardiologist,West,Tier3,16,1,2,1,0,0,42.0,-2.0,20.0,0.9,0.0,0.0,20.9,48.3,2.31,96,2,Lapsed
HCP0366,Haematologist,East,Tier3,9,1,0,1,0,0,2.4,-3.0,0.0,0.7,0.0,0.0,0.7,50.1,71.57,93,2,Lapsed
HCP0367,Cardiologist,West,Tier3,24,1,0,2,0,1,34.8,0.9,0.0,1.8,0.0,3.2,5.0,50.3,10.06,102,2,Lapsed
HCP0368,Cardiologist,West,Tier3,7,0,0,1,0,0,2.7,-1.3,0.0,0.7,0.0,0.0,0.7,0.0,0.0,102,2,Lapsed
HCP0369,Oncologist,West,Tier1,4,17,3,3,2,3,100.0,-1.4,33.0,1.7,9.2,11.1,55.0,920.0,16.73,21,3,Champions
HCP0370,Oncologist,West,Tier1,29,24,3,2,2,2,100.0,-1.4,29.1,1.1,8.5,5.2,43.9,1168.4,26.62,22,3,Champions
HCP0371,Oncologist,Central,Tier2,23,14,0,2,1,0,31.3,-0.4,0.0,1.1,3.6,0.0,4.7,636.4,135.4,36,0,Loyalists
HCP0372,Oncologist,Central,Tier1,17,13,3,3,1,2,98.8,2.1,28.4,2.1,5.0,7.6,43.1,624.0,14.48,21,3,Champions
HCP0373,Oncologist,South,Tier2,23,11,0,3,1,0,37.9,3.5,0.0,2.0,3.5,0.0,5.5,553.4,100.62,37,0,Loyalists
HCP0374,Internist,North,Tier2,12,2,0,1,2,2,54.5,1.7,0.0,0.9,6.8,7.9,15.6,98.2,6.29,31,0,Loyalists
HCP0375,Oncologist,West,Tier2,25,12,2,2,0,1,58.0,0.2,22.1,1.7,0.0,3.8,27.6,572.9,20.76,38,0,Loyalists
HCP0376,Oncologist,South,Tier3,7,3,0,2,0,0,14.0,1.1,0.0,1.1,0.0,0.0,1.1,138.9,126.27,95,2,Lapsed
HCP0377,Pulmonologist,North,Tier3,3,2,0,0,1,0,14.5,0.8,0.0,0.0,5.0,0.0,5.0,106.4,21.28,100,2,Lapsed
HCP0378,Oncologist,East,Tier1,15,14,3,2,2,0,92.0,3.1,28.1,1.3,8.4,0.0,37.8,769.5,20.36,17,1,Risers
HCP0379,Pulmonologist,Central,Tier2,23,7,1,4,0,3,70.9,1.1,9.9,3.1,0.0,11.9,24.9,338.1,13.58,44,3,Champions
HCP0380,Oncologist,North,Tier3,28,1,1,2,0,0,26.8,2.7,9.3,1.1,0.0,0.0,10.4,48.8,4.69,94,2,Lapsed
HCP0381,Oncologist,East,Tier1,23,19,3,3,3,2,100.0,3.8,33.1,1.7,12.0,6.2,53.0,972.4,18.35,23,3,Champions
HCP0382,Internist,North,Tier3,20,1,0,1,1,0,14.7,0.5,0.0,1.0,3.1,0.0,4.1,52.2,12.73,94,2,Lapsed
HCP0383,Internist,Central,Tier2,34,8,0,0,1,2,23.0,0.2,0.0,0.0,4.2,5.3,9.5,391.4,41.2,36,2,Lapsed
HCP0384,Pulmonologist,Central,Tier2,19,4,0,2,1,0,33.5,2.3,0.0,1.2,4.4,0.0,5.6,216.2,38.61,43,2,Lapsed
HCP0385,Internist,South,Tier3,13,2,1,1,0,0,11.9,-1.0,11.9,0.7,0.0,0.0,12.6,101.2,8.03,98,2,Lapsed
HCP0386,Pulmonologist,West,Tier2,23,10,2,2,3,1,90.0,-1.4,17.8,1.4,13.5,3.6,36.3,495.0,13.64,36,1,Risers
HCP0387,Oncologist,North,Tier2,28,9,0,1,3,1,57.8,-2.2,0.0,0.9,10.4,2.3,13.6,463.2,34.06,38,1,Risers
HCP0388,Oncologist,North,Tier3,6,1,1,0,0,0,16.3,-1.3,9.7,0.0,0.0,0.0,9.7,54.5,5.62,93,2,Lapsed
HCP0389,Internist,East,Tier1,20,14,4,2,2,1,100.0,3.3,33.1,1.1,6.6,3.3,44.1,741.2,16.81,23,1,Risers
HCP0390,Pulmonologist,Central,Tier2,31,6,2,4,0,0,56.5,0.4,19.9,3.5,0.0,0.0,23.4,272.4,11.64,43,0,Loyalists
HCP0391,Cardiologist,North,Tier3,31,3,1,1,0,1,34.7,1.0,10.8,0.7,0.0,2.5,14.0,145.0,10.36,99,2,Lapsed
HCP0392,Haematologist,Central,Tier1,23,13,1,3,2,1,68.1,0.3,10.1,1.9,9.3,3.7,25.0,646.2,25.85,17,1,Risers
HCP0393,Haematologist,North,Tier3,15,2,0,0,0,0,1.3,-1.0,0.0,0.0,0.0,0.0,0.0,96.3,0.0,95,2,Lapsed
HCP0394,Internist,South,Tier2,19,4,0,0,2,0,24.7,-1.7,0.0,0.0,8.4,0.0,8.4,208.0,24.76,37,2,Lapsed
HCP0395,Oncologist,West,Tier2,11,10,1,3,0,2,59.8,0.8,8.3,2.0,0.0,6.4,16.7,532.6,31.89,43,0,Loyalists
HCP0396,Cardiologist,North,Tier2,3,7,1,2,1,2,59.8,0.6,11.7,1.2,3.5,4.4,20.8,366.2,17.61,38,0,Loyalists
HCP0397,Pulmonologist,Central,Tier2,4,13,1,2,2,1,75.2,1.9,9.5,1.4,6.7,2.9,20.5,713.6,34.81,30,1,Risers
HCP0398,Haematologist,South,Tier3,31,2,0,0,1,0,13.8,0.8,0.0,0.0,4.9,0.0,4.9,95.5,19.49,90,2,Lapsed
HCP0399,Internist,North,Tier3,35,5,1,2,0,0,29.6,0.2,11.2,1.8,0.0,0.0,13.0,268.7,20.67,102,2,Lapsed
HCP0400,Internist,East,Tier2,12,8,1,1,1,0,36.3,-2.4,9.3,0.6,5.0,0.0,14.9,421.3,28.28,37,2,Lapsed
HCP0401,Oncologist,West,Tier3,23,0,1,0,0,0,11.1,2.4,10.9,0.0,0.0,0.0,10.9,0.0,0.0,100,2,Lapsed
HCP0402,Cardiologist,North,Tier2,30,11,0,2,0,1,24.1,0.2,0.0,1.7,0.0,2.8,4.5,575.8,127.96,36,0,Loyalists
HCP0403,Haematologist,South,Tier2,13,7,3,1,3,1,100.0,1.9,27.5,0.9,10.3,2.4,41.1,322.3,7.84,38,1,Risers
HCP0404,Pulmonologist,East,Tier2,10,8,1,1,2,2,63.2,4.3,8.6,0.9,7.0,6.6,23.1,423.1,18.32,40,0,Loyalists
HCP0405,Oncologist,South,Tier2,24,3,2,2,0,1,55.6,2.8,22.5,1.5,0.0,3.7,27.7,151.0,5.45,32,0,Loyalists
HCP0406,Pulmonologist,South,Tier2,10,5,1,2,0,1,38.7,1.6,8.9,1.2,0.0,3.5,13.6,239.6,17.62,39,0,Loyalists
HCP0407,Haematologist,East,Tier3,17,2,0,2,0,0,10.8,0.3,0.0,1.7,0.0,0.0,1.7,103.1,60.65,101,2,Lapsed
HCP0408,Oncologist,South,Tier2,19,7,2,2,2,1,82.1,1.4,23.5,1.7,7.1,3.1,35.4,359.9,10.17,34,1,Risers
HCP0409,Cardiologist,East,Tier1,25,25,1,1,1,1,45.2,1.2,10.1,0.6,3.1,3.5,17.3,1177.4,68.06,16,3,Champions
HCP0410,Oncologist,North,Tier1,26,13,3,2,1,1,87.6,2.3,30.5,1.9,4.4,2.3,39.1,589.0,15.06,28,1,Risers
HCP0411,Oncologist,East,Tier2,21,9,2,5,1,1,96.1,5.1,19.7,2.8,4.0,2.7,29.2,444.0,15.21,34,1,Risers
HCP0412,Cardiologist,East,Tier3,7,1,0,1,0,0,12.5,5.1,0.0,1.0,0.0,0.0,1.0,50.7,50.7,99,2,Lapsed
HCP0413,Cardiologist,West,Tier2,34,8,1,3,0,2,54.4,1.5,9.9,2.8,0.0,6.0,18.7,430.1,23.0,30,0,Loyalists
HCP0414,Internist,East,Tier2,3,6,0,0,0,0,3.2,-4.3,0.0,0.0,0.0,0.0,0.0,325.7,0.0,43,2,Lapsed
HCP0415,Internist,East,Tier2,25,3,0,2,2,0,43.3,-1.2,0.0,1.9,8.5,0.0,10.4,150.9,14.51,40,0,Loyalists
HCP0416,Haematologist,North,Tier2,10,7,2,0,2,1,58.9,4.7,23.5,0.0,6.4,2.3,32.2,367.8,11.42,33,1,Risers
HCP0417,Oncologist,West,Tier2,15,7,0,2,2,1,48.4,2.2,0.0,1.2,9.0,2.3,12.5,345.8,27.66,35,0,Loyalists
HCP0418,Oncologist,Central,Tier2,10,10,1,4,0,0,39.7,1.8,11.6,2.9,0.0,0.0,14.5,524.6,36.18,31,0,Loyalists
HCP0419,Internist,North,Tier3,25,1,0,3,0,1,37.3,0.2,0.0,1.6,0.0,2.6,4.2,47.0,11.19,102,0,Loyalists
HCP0420,Internist,North,Tier3,3,3,0,1,0,2,31.3,-2.0,0.0,0.7,0.0,6.5,7.2,146.1,20.29,96,2,Lapsed
HCP0421,Internist,Central,Tier2,26,11,3,2,0,2,88.2,4.8,34.7,1.7,0.0,7.6,44.0,564.8,12.84,37,3,Champions
HCP0422,Internist,East,Tier1,26,15,4,5,3,1,100.0,1.0,38.3,3.5,9.4,3.9,55.1,677.7,12.3,14,1,Risers
HCP0423,Oncologist,South,Tier1,19,19,0,3,2,3,80.3,2.6,0.0,2.0,9.3,9.9,21.2,992.3,46.81,26,3,Champions
HCP0424,Haematologist,West,Tier1,7,14,5,1,0,2,100.0,-0.8,48.3,0.8,0.0,7.4,56.5,747.0,13.22,17,3,Champions
HCP0425,Oncologist,South,Tier2,22,6,5,2,2,1,100.0,1.9,52.0,1.9,9.4,3.1,66.4,293.9,4.43,40,1,Risers
HCP0426,Haematologist,Central,Tier2,23,6,1,1,3,1,64.5,3.1,10.8,0.5,12.6,2.4,26.3,296.9,11.29,33,1,Risers
HCP0427,Haematologist,North,Tier2,33,12,3,2,0,2,77.4,0.9,35.4,1.4,0.0,6.1,42.9,642.2,14.97,42,3,Champions
HCP0428,Pulmonologist,North,Tier2,13,6,1,2,1,1,51.3,0.2,9.0,1.2,5.0,3.1,18.3,316.5,17.3,34,0,Loyalists
HCP0429,Haematologist,West,Tier1,17,22,4,3,1,1,100.0,2.0,43.9,2.5,3.5,3.5,53.4,1053.4,19.73,27,3,Champions
HCP0430,Oncologist,North,Tier2,21,9,2,1,1,1,56.6,-1.6,20.2,0.6,4.2,2.4,27.4,434.2,15.85,41,0,Loyalists
HCP0431,Oncologist,North,Tier2,9,8,0,1,0,1,22.4,-2.8,0.0,0.8,0.0,2.7,3.5,414.3,118.37,41,2,Lapsed
HCP0432,Internist,West,Tier2,30,9,2,2,1,0,57.5,2.5,22.2,1.3,3.1,0.0,26.6,455.7,17.13,33,0,Loyalists
HCP0433,Internist,West,Tier2,7,10,1,3,3,2,96.5,0.7,10.2,1.8,9.1,7.8,28.9,466.2,16.13,38,1,Risers
HCP0434,Oncologist,Central,Tier3,7,1,1,2,0,0,28.2,2.0,10.6,1.9,0.0,0.0,12.5,48.1,3.85,96,2,Lapsed
HCP0435,Oncologist,North,Tier1,32,21,2,2,0,2,62.9,3.3,18.6,1.0,0.0,7.0,26.6,1134.0,42.63,26,3,Champions
HCP0436,Internist,North,Tier3,34,0,1,3,0,0,40.4,3.1,9.9,2.2,0.0,0.0,12.1,0.0,0.0,91,0,Loyalists
HCP0437,Oncologist,Central,Tier2,10,11,2,4,1,1,84.6,-1.7,20.9,2.0,4.1,2.5,29.5,603.5,20.46,30,1,Risers
HCP0438,Pulmonologist,East,Tier3,12,1,0,0,1,0,15.9,-1.2,0.0,0.0,3.1,0.0,3.1,52.7,17.0,98,2,Lapsed
HCP0439,Internist,East,Tier2,34,8,0,0,1,0,18.5,1.3,0.0,0.0,3.9,0.0,3.9,435.4,111.64,30,2,Lapsed
HCP0440,Oncologist,East,Tier3,30,3,1,2,0,0,27.5,1.7,11.8,1.3,0.0,0.0,13.1,141.5,10.8,95,2,Lapsed
HCP0441,Oncologist,Central,Tier3,19,1,2,2,0,0,50.3,5.4,20.1,1.1,0.0,0.0,21.2,52.7,2.49,104,0,Loyalists
HCP0442,Cardiologist,North,Tier2,33,9,1,4,2,1,75.6,-0.4,10.9,2.8,8.5,2.4,24.6,406.8,16.54,44,1,Risers
HCP0443,Haematologist,Central,Tier2,10,7,4,4,0,0,100.0,4.1,38.6,3.3,0.0,0.0,41.9,362.0,8.64,31,1,Risers
HCP0444,Haematologist,Central,Tier2,27,7,2,2,2,1,76.1,2.1,18.8,1.8,9.1,3.8,33.5,347.8,10.38,33,1,Risers
HCP0445,Pulmonologist,East,Tier2,11,8,1,2,0,0,34.5,-2.7,9.6,1.5,0.0,0.0,11.1,387.7,34.93,35,0,Loyalists
HCP0446,Cardiologist,South,Tier1,4,23,3,0,1,3,81.6,0.3,28.9,0.0,4.7,12.0,45.6,1233.4,27.05,18,3,Champions
HCP0447,Cardiologist,North,Tier2,17,10,2,1,1,1,59.2,1.6,20.4,0.6,3.8,3.4,28.2,535.4,18.99,40,0,Loyalists
HCP0448,Internist,East,Tier2,5,7,1,2,2,1,72.7,-2.3,10.2,1.3,9.6,3.9,25.0,316.6,12.66,35,1,Risers
HCP0449,Haematologist,South,Tier2,6,4,3,2,2,0,80.9,-2.5,30.0,1.2,7.0,0.0,38.2,204.4,5.35,32,1,Risers
HCP0450,Oncologist,South,Tier3,16,2,0,1,0,0,19.0,-3.4,0.0,0.6,0.0,0.0,0.6,97.4,162.33,94,2,Lapsed
HCP0451,Internist,West,Tier2,27,4,0,3,1,3,66.0,1.5,0.0,1.8,3.1,9.4,14.3,196.6,13.75,31,0,Loyalists
HCP0452,Internist,North,Tier3,12,5,0,1,0,0,12.9,-0.8,0.0,0.8,0.0,0.0,0.8,266.6,333.25,96,2,Lapsed
HCP0453,Haematologist,South,Tier2,23,4,3,2,1,1,85.0,0.3,25.5,1.6,3.8,3.9,34.8,192.4,5.53,32,1,Risers
HCP0454,Cardiologist,East,Tier2,14,5,2,0,1,1,54.3,-0.3,23.5,0.0,3.5,2.9,29.9,272.2,9.1,30,0,Loyalists
HCP0455,Oncologist,West,Tier2,29,8,2,2,2,0,62.9,-1.5,20.8,1.2,6.9,0.0,28.9,374.4,12.96,43,1,Risers
HCP0456,Haematologist,North,Tier2,4,3,1,3,2,2,80.6,0.4,10.6,2.5,9.6,5.8,28.5,154.9,5.44,37,1,Risers
HCP0457,Oncologist,Central,Tier3,15,3,1,2,0,0,37.0,-3.0,9.6,1.8,0.0,0.0,11.4,155.2,13.61,97,2,Lapsed
HCP0458,Haematologist,East,Tier2,34,4,3,5,1,0,95.3,4.2,34.9,3.9,4.1,0.0,42.9,190.1,4.43,32,1,Risers
HCP0459,Oncologist,South,Tier3,33,3,1,1,1,0,35.7,4.0,10.6,0.6,4.2,0.0,15.4,144.7,9.4,102,2,Lapsed
HCP0460,Oncologist,South,Tier2,18,7,2,2,2,0,62.3,-3.4,22.2,1.3,7.9,0.0,31.4,373.4,11.89,36,1,Risers
HCP0461,Oncologist,East,Tier2,34,9,0,1,0,2,25.3,-0.6,0.0,0.5,0.0,5.8,6.3,473.6,75.17,38,0,Loyalists
HCP0462,Internist,South,Tier2,34,12,0,2,1,1,43.6,-0.2,0.0,1.3,4.8,3.2,9.3,579.5,62.31,37,0,Loyalists
HCP0463,Internist,West,Tier2,13,9,0,3,1,0,29.6,0.3,0.0,2.6,3.3,0.0,5.9,453.1,76.8,32,0,Loyalists
HCP0464,Internist,North,Tier2,12,10,1,3,0,0,42.6,2.8,11.4,1.6,0.0,0.0,13.0,456.2,35.09,44,0,Loyalists
HCP0465,Cardiologist,West,Tier2,17,9,0,3,0,1,34.9,-0.4,0.0,1.8,0.0,2.5,4.3,423.8,98.56,42,0,Loyalists
HCP0466,Haematologist,South,Tier1,19,16,3,2,0,2,79.8,1.2,27.3,1.7,0.0,6.8,35.8,797.7,22.28,15,3,Champions
HCP0467,Oncologist,Central,Tier2,20,10,4,3,1,1,100.0,7.9,36.6,2.7,3.9,2.2,45.4,458.6,10.1,42,1,Risers
HCP0468,Pulmonologist,North,Tier1,11,19,1,1,1,1,42.5,0.5,9.1,0.7,4.0,3.8,17.6,1015.2,57.68,23,0,Loyalists
HCP0469,Oncologist,North,Tier2,27,3,0,4,0,0,30.0,4.1,0.0,3.4,0.0,0.0,3.4,156.5,46.03,36,0,Loyalists
HCP0470,Cardiologist,East,Tier2,16,6,2,1,0,1,52.6,1.9,16.3,0.7,0.0,2.4,19.4,326.6,16.84,36,0,Loyalists
HCP0471,Oncologist,East,Tier2,27,6,0,1,2,2,49.8,-0.4,0.0,0.6,7.0,4.7,12.3,311.6,25.33,38,0,Loyalists
HCP0472,Cardiologist,Central,Tier2,24,12,2,2,2,0,79.0,-0.1,18.2,1.4,6.7,0.0,26.3,652.8,24.82,34,1,Risers
HCP0473,Oncologist,North,Tier1,32,15,3,5,2,2,100.0,2.2,26.4,3.9,6.3,7.1,43.7,758.2,17.35,17,3,Champions
HCP0474,Pulmonologist,Central,Tier2,22,5,0,0,1,1,19.1,-2.0,0.0,0.0,4.5,3.8,8.3,255.0,30.72,37,2,Lapsed
HCP0475,Haematologist,East,Tier2,23,5,1,1,3,1,73.9,-0.6,11.2,0.5,11.6,3.2,26.5,273.8,10.33,43,1,Risers
HCP0476,Cardiologist,East,Tier2,34,8,2,3,0,0,57.1,0.2,20.5,2.3,0.0,0.0,22.8,411.4,18.04,33,0,Loyalists
HCP0477,Oncologist,North,Tier3,23,5,1,1,0,1,24.7,1.1,8.0,0.7,0.0,2.6,11.3,226.5,20.04,93,2,Lapsed
HCP0478,Internist,West,Tier1,34,24,2,2,1,1,62.8,4.9,19.4,1.5,4.4,3.0,28.3,1253.7,44.3,25,3,Champions
HCP0479,Cardiologist,South,Tier2,32,8,3,2,0,1,70.4,0.3,28.9,1.0,0.0,3.9,33.8,432.4,12.79,43,0,Loyalists
HCP0480,Haematologist,East,Tier2,14,14,3,2,1,0,65.1,2.3,25.4,1.3,3.8,0.0,30.5,741.4,24.31,41,1,Risers
HCP0481,Internist,East,Tier2,20,10,2,4,2,0,96.5,-1.7,21.4,3.6,7.5,0.0,32.5,508.4,15.64,31,1,Risers
HCP0482,Internist,West,Tier2,23,11,1,3,1,0,55.1,3.1,10.8,2.3,4.3,0.0,17.4,568.8,32.69,42,0,Loyalists
HCP0483,Haematologist,West,Tier2,15,4,1,2,1,1,52.9,-2.5,10.9,1.5,4.0,2.6,19.0,219.6,11.56,44,0,Loyalists
HCP0484,Internist,Central,Tier3,23,5,1,4,1,0,57.3,2.7,10.9,2.6,4.7,0.0,18.2,229.5,12.61,90,0,Loyalists
HCP0485,Internist,Central,Tier2,10,9,3,2,0,1,68.0,1.1,24.0,1.3,0.0,2.1,27.4,465.1,16.97,33,0,Loyalists
HCP0486,Cardiologist,South,Tier2,9,12,0,0,0,1,0.2,-0.1,0.0,0.0,0.0,3.6,3.6,574.0,159.44,36,2,Lapsed
HCP0487,Oncologist,South,Tier2,25,8,1,1,1,1,36.3,0.1,11.3,0.9,3.3,2.5,18.0,411.2,22.84,41,0,Loyalists
HCP0488,Oncologist,North,Tier2,34,11,2,2,1,1,77.5,-1.4,23.2,2.0,4.3,3.5,33.0,561.8,17.02,38,1,Risers
HCP0489,Cardiologist,Central,Tier1,13,12,1,1,0,1,40.9,-1.9,8.1,0.7,0.0,2.1,10.9,558.4,51.23,22,0,Loyalists
HCP0490,Pulmonologist,East,Tier2,24,8,3,4,1,0,86.1,3.4,35.2,2.8,3.0,0.0,41.0,376.5,9.18,41,1,Risers
HCP0491,Haematologist,Central,Tier2,24,9,1,3,1,0,55.5,1.0,11.2,2.8,4.8,0.0,18.8,460.9,24.52,39,0,Loyalists
HCP0492,Internist,East,Tier3,27,0,2,0,1,0,44.5,0.2,22.7,0.0,3.5,0.0,26.2,0.0,0.0,104,2,Lapsed
HCP0493,Oncologist,West,Tier2,24,10,1,2,1,1,56.1,1.8,8.4,1.6,4.9,3.6,18.5,476.5,25.76,30,0,Loyalists
HCP0494,Oncologist,Central,Tier2,30,8,1,3,1,0,43.9,1.2,11.0,1.8,4.4,0.0,17.2,426.8,24.81,34,0,Loyalists
HCP0495,Haematologist,West,Tier2,31,12,1,4,0,1,48.0,-0.6,11.8,3.5,0.0,3.0,18.3,579.3,31.66,36,0,Loyalists
HCP0496,Haematologist,South,Tier2,15,4,4,3,1,0,100.0,6.8,42.9,2.3,3.4,0.0,48.6,199.5,4.1,42,1,Risers
HCP0497,Internist,South,Tier2,20,8,0,2,0,0,6.1,1.8,0.0,1.8,0.0,0.0,1.8,435.3,241.83,36,2,Lapsed
HCP0498,Oncologist,North,Tier2,4,7,1,3,2,0,62.3,1.4,11.8,2.7,8.1,0.0,22.6,330.9,14.64,39,1,Risers
HCP0499,Cardiologist,Central,Tier3,31,2,1,1,0,1,31.2,-0.5,9.8,0.6,0.0,2.9,13.3,97.8,7.35,95,2,Lapsed
HCP0500,Cardiologist,West,Tier3,23,1,1,1,0,0,20.7,2.4,10.4,0.9,0.0,0.0,11.3,51.1,4.52,100,2,Lapsed
